,count,Other IDs
0,3,MSC-001
1,2,fuzhough0712
2,2,202001
3,1,Ibn-sina protocol
4,1,NA_00085175|1R01HL128743-01A1
5,1,15-007
6,1,6714
7,1,0174/134/2-1
8,1,PRT/GENESIS/2015/001
9,1,2014809
10,1,HS110-102
11,1,307-IVY-SC-001
12,1,Eudra-CT2008-001191-68|MSV-DISC-2008-01
13,1,307-IVY-SC-002
14,1,LING-1
15,1,PULMESCEL-1
16,1,AB-16B5-101
17,1,307-IVY-SC-003
18,1,307-IVY-SC-004
19,1,UCMSC-CD
20,1,CAAE 25000039812/2005-99|11738
21,1,Royan-Bone-013
22,1,ELKE-90467
23,1,2014-002
24,1,201504001
25,1,13 150 03
26,1,10 142 01
27,1,DACL1011
28,1,MSB-DR003
29,1,2014LS018
30,1,IRB #01979/FDA IDE#15944
31,1,CCT-BMMSC15-001|5R21DK099696
32,1,CAS-XDA-SCI/IGDB
33,1,IRB00076372
34,1,GCO 08-1078-0008|2U01HL088942-07
35,1,MC1365|NCI-2015-00133|P30CA015083
36,1,CMM-PRGF/ART|2011-006036-23
37,1,NavyGHB
38,1,201405EMO
39,1,CHA-CST-101
40,1,150088|15-H-0088
41,1,MD-BPD-US001
42,1,Royan-Kidney-005
43,1,3-2014-0271
44,1,IFA-LSBM-11
45,1,NL4724400013|2013-005407-14
46,1,"FACULTY OF MEDICINE,CAIRO U"
47,1,15-015
48,1,PMD-MSC-PD-01
49,1,StonyBrookU
50,1,PMD-MSC-ED-01
51,1,20140718
52,1,"Version 3.3 , Mar 24,2017"
53,1,12 394 03
54,1,Ginkgocell-ADHSC-AA-001
55,1,2014-0519|NCI-2015-00969
56,1,STEM-104-M-CHF
57,1,P 100102
58,1,A093532|15/EE/0152
59,1,CME-LEM3|2014-005613-24
60,1,ASCLIN002/2015
61,1,20140000266
62,1,MSCs-KTx-DCD-150924
63,1,MSC-KTx-cAMR-150926
64,1,MSCs-KTx-DCD-150925
65,1,201400000003-2
66,1,SJLPSC|R01CA036401
67,1,2012
68,1,Third-party MSC-Tx tolerance A|2015-002186-27
69,1,CSM/OP/2011|2012-005814-20
70,1,MSC/ONM|2012-005813-38
71,1,IRB00082277
72,1,265-109
73,1,SCI-003
74,1,SCI-005
75,1,DTH-922-DYT
76,1,ALLO-ASC-EB-101
77,1,15-022|1R01DK103598-01A1
78,1,Hospital307
79,1,C4COA01
80,1,s2015-080-06
81,1,15090903
82,1,2015LS076
83,1,NEPHSTROM|2016-000661-23
84,1,SB-VGH-201102
85,1,MSC-ILD-2015
86,1,2012-10-078
87,1,Royan-Nerve-008
88,1,BRM-15-01
89,1,Cellgram-CLI
90,1,hUC-MSC-SCI
91,1,AFBMTC-SCI-2013
92,1,STEMQUIRI/12ES01
93,1,56733164/203
94,1,15042702
95,1,zssy20150624
96,1,307-PV-MSC
97,1,SVF-LR
98,1,SVF-DCD
99,1,229/RC/KEMU
100,1,s2015-080-03
101,1,XCEL-MS-02
102,1,Minsk-MH001
103,1,15-014
104,1,HSC-SPH-15-0413|5UM1HL087318
105,1,20120203
106,1,BMMSC-1
107,1,HSC-SPH-15-0443|5UM1HL087318
108,1,1406653
109,1,HSC-MS-16-0283
110,1,HSC-2013
111,1,2013-0032|CA 136411|NCI-2015-01504
112,1,Cellgram-ED
113,1,2012-02-070B
114,1,ADMSC-DD-Han
115,1,Royan-Kidney-003
116,1,Royan-Bone-012
117,1,KRPL/CLI/11-12/001
118,1,RU-FMBC-05-01-14
119,1,INST 1310
120,1,STOMP
121,1,SCI-002
122,1,Azhar52980070
123,1,CBMG-KOA-Ⅱb
124,1,13-008089
125,1,CME-LEM2|2011-005684-24
126,1,MSC-MS-001-IL
127,1,EudraCT Number:2012-002553-38|Health Department of Spain
128,1,MSC-2014-SAA-1|H0806-MSC-2014
129,1,CASE1Z14|NCI-2014-01316|P30CA043703
130,1,14-000025
131,1,TBS-MTFAS-001
132,1,TBS-UCMSC-ASD001
133,1,203081
134,1,RETCELL
135,1,Royan-Kidney-004
136,1,Royan-Nerve-007
137,1,RU-CCH-06-01-14
138,1,HYNR_CS_ABI001
139,1,MSC Severe Systemic Sclerosis
140,1,666666|Cell Free MSC Exo
141,1,KRPL/IPF/11-12/002
142,1,JMU-CD19CAR
143,1,D5082C00002|GU 111
144,1,NL43712.000.13|2013-000819-25
145,1,UAB-1317
146,1,AzharU223101547
147,1,12/0419|2013-000966-12
148,1,ORTHO -2|2012-002010-39
149,1,20130646
150,1,MC1266|NCI-2014-00016|P30CA015083|P50CA136393|P50CA083639
151,1,GX-051_HNC_1
152,1,Pro00052149
153,1,CN301-XYK-CAR001
154,1,NFH-PBSC-MSC-2014
155,1,NFH-MSC-CMV-2014
156,1,UCSF-hMSC-ARDS-P2|1U01HL108713-01
157,1,CSM/CIT|2013-000534-35
158,1,20120925
159,1,H-34570 No.11-13-40-07
160,1,140059|14-C-0059
161,1,SC-HEM
162,1,STELLAR-Pilot
163,1,rokhsareh|stem cell injection in ALS
164,1,HS110-201
165,1,KneeUJCTC
166,1,CMM/ART|2009-017624-72
167,1,MSC-ARDS
168,1,15279|I7H-MC-JNBA
169,1,PRT/NOVO/2015/001
170,1,CR106152|HIV-V-A004|IPCAVD009
171,1,CMMAd/InFe/2011
172,1,ALLO-ASC_TR
173,1,SARC028
174,1,CHIN-PLAGH-ST-003
175,1,CHIN-PLAGH-ST-004
176,1,CHIN-PLAGH-ST-001
177,1,ISMMSC001
178,1,14-AOI-10
179,1,20141206
180,1,12-005950|R01FD004789|R01NS092625
181,1,150028|15-C-0028
182,1,C3BS-C-12-01
183,1,2014006
184,1,741.STZ.2014
185,1,ADSTEM001
186,1,2014MEKY059
187,1,CRYO-MS-ADSC-006
188,1,ICHINAI-BMSC1
189,1,Cx611-0102
190,1,HCRP 14151/2010
191,1,14-0842.cc
192,1,51741
193,1,FMASU 3098/2014
194,1,MSB-GVHD001
195,1,HYK-Articular Cartilage Defect
196,1,No.GRDEC 2014210H
197,1,CeTMAd/ELA/2011
198,1,CeTMAd-VIH-2014
199,1,UoECKDu1
200,1,XCEL-PSART-01|2013-005025-23
201,1,IND 16026 DMD Single Patient
202,1,CNEI-2014-TBS-UCMSC-SCI001
203,1,CNEI-2014-TBS-UCMSCOA-001
204,1,20140368
205,1,2013-Afd-L
206,1,NFH-PBSC-MSC-PGF-2014
207,1,NFH-MSC-aGVHD-2014
208,1,IRB00038916|J1491
209,1,MSC-alternative donor SCT-SAA
210,1,IRB2013-055-02
211,1,0180-14-RMB
212,1,MSC liver transplant tolerance|2014-001531-37
213,1,14-002799
214,1,MSC-CY-Russia
215,1,2014-06-103
216,1,CAS-XDA001-SH/IGDB
217,1,HYK-Cerebral hemorrhage
218,1,DMD-UC-MSC-1
219,1,ChiangMaiU
220,1,13ZCZDSY02200
221,1,CeTMMoTa/ICPDI/2010
222,1,00-0000-02
223,1,15-003200
224,1,140057|14-CC-0057
225,1,HospitalMCG|IEPSaoLucas
226,1,2015-0835|NCI-2016-01921|P30CA016672
227,1,AlloKneeUJCTC
228,1,Tangxun8022
229,1,ATKneeUJCTC
230,1,MCHHFoshan-1603
231,1,KC16TISI0343
232,1,ET14-035 (ISI-JX)
233,1,38RC14.181
234,1,SCIUJCTC
235,1,00-0000-03
236,1,WTan
237,1,ADP-0022-004
238,1,OH1-16-00672
239,1,RG-13-124
240,1,HTO-MSCs
241,1,XCEL-SCI-01
242,1,EMOCT01
243,1,SCOTS2
244,1,IRB00093044
245,1,15-005574
246,1,SBI-101-01
247,1,i 283616|NCI-2016-01477|P30CA016056|P50CA159981
248,1,MC1684|NCI-2017-00049|P30CA015083
249,1,MS200095-0012|2015-004369-95
250,1,SC-BF
251,1,MYSTEP1|2014-003561-15
252,1,AHJiangsuU-FSK-MSC-OA
253,1,KB/112/2016
254,1,DMT1-MSC
255,1,CHA-PAD-101
256,1,2015-12|2015-A00984-45
257,1,FAB117-CT-01
258,1,401922/2014-6
259,1,KSB-PsO
260,1,CR108161|VAC89220HTX1001
261,1,CYP-GvHD-P1-01|2016-000070-38
262,1,VYR-VSV2-101
263,1,KSTHD_FURESTEM-CD-EXT
264,1,38RC09.018|2009-A00944-53
265,1,CTP-007/15
266,1,20161103
267,1,T1DM.UJCTC
268,1,XH-16-028
269,1,16-002241
270,1,999917006|17-I-N006
271,1,124174455522
272,1,SCT-LC
273,1,WJ.EDUJCTC
274,1,EDUJCTC
275,1,CAS-XDA-NSP/IGDB
276,1,D-00173-CT2013002
277,1,TMMU-DP-2016-4-25
278,1,GCO 13-0147|P01HD078233
279,1,170045|17-C-0045
280,1,ExoRBC
281,1,20160350
282,1,RJ2017NO13
283,1,170084|17-C-0084
284,1,16D.639
285,1,BME-TARGET
286,1,MSC-P1
287,1,9755
288,1,AST-ADP2-US01
289,1,MC1562|NCI-2017-00615|P30CA015083
290,1,GIMI-IRB-17001
291,1,RRPCEM_MSC1
292,1,ADP-0044-001
293,1,17277787D-PD
294,1,15-582-MUHC
295,1,OMO1.01.02
296,1,QUILT-3.036
297,1,16-557
298,1,1501-01
299,1,2011-006100-12
300,1,IIT-2016-aGvHD-MSCTC-0010
301,1,SCARM-Osteoarthritis-001
302,1,lcsrmyygk
303,1,R-957-17
304,1,208470|ADP-0011-008|KEYNOTE-487
305,1,001-03
306,1,213S196
307,1,9364|NCI-2017-00421|P30CA015704|RG9217000
308,1,CHUBX 2015/26
309,1,SVF treatment in SSc
310,1,Multi-cited POI Recovery
311,1,Study 3003
312,1,16154DMcA-AS
313,1,NL59038.000.16
314,1,KLESInstitute
315,1,2016-807-10.1
316,1,OrienX010-II-10
317,1,17277787D-AA
318,1,SRPL/CLI/10-11/001 Version 4
319,1,20160140
320,1,20170095
321,1,ABCUJCTC
322,1,MSC-P2-14
323,1,SCA-RA1
324,1,2016/05/25/09
325,1,SCA-POF1
326,1,ELKE_91480
327,1,SCA-CP1
328,1,IRB-P00020575
329,1,2016L04304
330,1,CHN-PLAGH-BT-020
331,1,Pro00079421
332,1,EXO-CN-1607
333,1,RPD-8-16
334,1,2016-06-005
335,1,XQonc-004
336,1,AD-CP-15-1|30902
337,1,UCMSC-HA-1
338,1,UCMSC-1
339,1,JS-OAP2-US01
340,1,20140917
341,1,20150965
342,1,CC-TT-IMA-14|NL50620.041.15|2014-003965-11
343,1,1505714405
344,1,CHIN-PLAGH-ST-008
345,1,MSC-EICH-2014|2014-005533-32
346,1,UCDCRC/15/007
347,1,CAS-XDA-MNSCI/IGDB
348,1,RR15/173
349,1,MC1372|NCI-2016-00179|P30CA015083
350,1,CARDIO 1/2
351,1,ECT2014-001A
352,1,GMMA-HCV-MSC-1
353,1,FPS-INSUPAR-2015-01
354,1,2015-08
355,1,ASSIST-CLAD
356,1,201507086RINA
357,1,SAVE-DH|51005115.9.0000.5412
358,1,TP-0903-101
359,1,SSCDS-IMP-201601
360,1,APZ2-II-01
361,1,BQ12016|AAH -01-2016
362,1,UCMSC-3
363,1,CHIN-PLAGH-ST-007
364,1,20160686|1R01HL134558-01
365,1,CAS-XDA-CIC/IGDB
366,1,ILD-01
367,1,00-0000-01
368,1,Rep-Bio-Royan-001
369,1,CR108064|61186372EDI1001|2018-003908-38
370,1,HSC-MS-Schiess MSC PD
371,1,11738
372,1,ALLO-ASC-BI-201
373,1,ALLO-ASC-DFU-201
374,1,20150627
375,1,XCEL-MT-10-03|2010-024041-78
376,1,MUSC-UCMSC-001
377,1,SCA-INF1
378,1,CAS-XDA-SH/NCH/IGDB
379,1,CBMG-Allo-KOA-1.1
380,1,HYK-Rheumatoid Arthritis
381,1,CAS-XDA-POF/IGDB
382,1,2555/QD-BYT
383,1,Royan-Bone-014
384,1,CAS-XDA-ED-IGDB
385,1,Protocol B SMH Aflibercept
386,1,HYK-hepatic cirrhosis
387,1,Jointstem2b
388,1,Pro00069444
389,1,UCMSC-2
390,1,sbmu9217
391,1,sbmu9212
392,1,CAS-XDA-DEF/IGDB
393,1,XH-16-012
394,1,TUBITAK-1001-215S612
395,1,AFBMTC-GVHD-2015
396,1,Bone marrow GvHD
397,1,Southern Medical University
398,1,STEM105-M-AD
399,1,ThirdSouthernMedical1
400,1,NTU-REC-201603059RINA
401,1,UF 9494
402,1,CLNB-06-15F|1510579216
403,1,15-005843
404,1,38RC15.337
405,1,NavyGHB-P-01
406,1,16-000085|U24DK100469
407,1,CBMG-ReJoinTM-CL-1.0
408,1,94-01-87-28524
409,1,2012-003900-11
410,1,160154|16-C-0154
411,1,sbmu9221
412,1,201512110RINB
413,1,Protocol CF-MSC-01|DASENB15A0
414,1,XQonc-003
415,1,UWM/ALS-MSC.2015/001
416,1,UWM/ALS-MSC.2015/002
417,1,PHRCI 2012/CHOCMSC-GIBOT/SKJ
418,1,RZL-SDU-IMM-CVR
419,1,UCMSC-6
420,1,2013/596/C
421,1,P130935|2014-001462-99
422,1,IRCT2015110524890N1
423,1,2012-003139-50
424,1,SMC 2013-07-117-002
425,1,2010-1301-27
426,1,GL-ONC1-015
427,1,NJGYNFM-SC-02
428,1,CAS-XDA-BI/IGDB
429,1,12-0407
430,1,MCHHFoshan-1602
431,1,16-025
432,1,UCMSC-4
433,1,CAS-XDA-DC/IGDB
434,1,2015-015|ID-RCB number : 2015-A01022-47
435,1,HYK-pneumoconiosis
436,1,ThirdSouthernMedical
437,1,1603-IGX-017-FV
438,1,Royan-kidney-006
439,1,2015-0327|NCI-2016-01184
440,1,15-008179
441,1,15-004326
442,1,15-009053
443,1,SYSU-81332612
444,1,UCBMSC|LBingliang
445,1,AS Dnr2013/195
446,1,2013/1241-31/1
447,1,MP-CR-010-F/U
448,1,MSCKJ004
449,1,Royan-Bone-005
450,1,Royan-Bone-002
451,1,DMR99-104
452,1,Royan-Bone-006
453,1,beijing302-001
454,1,98025
455,1,MSCDF001
456,1,Beijing302-003
457,1,MSCKX002
458,1,MSCT1DM003
459,1,beijing302-002
460,1,SYS-LF
461,1,TerCel001|Eudra-CT 2009-017405-11|Protocol Code
462,1,EudraCT: 2008-004014-27
463,1,SYS-1012
464,1,MSCHC005
465,1,XCEL-M-09-01
466,1,CMM-EM
467,1,SIBS-IHS-20101010|2010CB945600
468,1,CRD 611
469,1,110011|11-C-0011
470,1,CeTMAd/ICPD/2008
471,1,SU-10202010-7130|IND# 13708|R01AR055914|RAC Protocol # 0701-827|eProtocol 14563
472,1,NANOM-FIM
473,1,Royan-Bone-004
474,1,kongdx|No. 30670903
475,1,CMM/EM/2008
476,1,100084|10-CH-0084
477,1,HDZ-SBE-2004
478,1,AS2010-0180
479,1,100053|10-CC-0053
480,1,0505008
481,1,CRAD001AFR10|2009-011473-33
482,1,100054|10-C-0054
483,1,20090352|R01HL110737|R01HL107110|R01HL084275|P20HL101443|R01HL094849
484,1,MSB-CAR001
485,1,EC2009/123|CTN2010/0098
486,1,SRM/CS/09-10/001
487,1,BHS-UCB2009
488,1,Ewha 219-3-40
489,1,EC 28105
490,1,CZheng|No. 30670903
491,1,Cellonis-CR-2.3
492,1,09-001995
493,1,Cellonis-CR-1.3
494,1,100126|10-H-0126
495,1,P10.102
496,1,ldb201001
497,1,CSM/CROH|2009-009880-71
498,1,IGR Dex2
499,1,MSC- AS3
500,1,2009-SCI-I
501,1,Astrostem
502,1,CIS/MSC 08|2008-007485-35
503,1,MSB-DR001
504,1,HLPTRA-2009-01|2009-016628-29
505,1,BKCR-MS-1.0(2010)
506,1,168-11-FB
507,1,UCMSC-T1DM
508,1,Royn-nerve-001
509,1,110S153
510,1,HREC/09/QPCH/105
511,1,TerCel0002|2010-024246-30|EC10-255|BIOMAX-VA-2010
512,1,MSC2-Version 6.0
513,1,20100968|1R01HL110737-01
514,1,2011-01-19SCI
515,1,RBI-1749|RU8HM86-54N
516,1,46970
517,1,2006AA02Z469
518,1,diabetes
519,1,AlloSource Subtalar Fusion RCT
520,1,Zhangni
521,1,TJT1101
522,1,TJT1106P1
523,1,lieb001-CTIL-HMO
524,1,Royan-Bone-007
525,1,NANOM PCI
526,1,2008BAI59B03/2011AA020119
527,1,110250|11-C-0250
528,1,GCO 08-1078-00006|U01HL088942|U01HL088942-04|711
529,1,BKCR-HA-1.0(2010)
530,1,MSC_Apceth_001
531,1,2010-A01389-30|2011-000128-13
532,1,ECU 003
533,1,BCC-GI-10 Curcumin
534,1,MP-CR-006
535,1,MP-CR-007
536,1,STEM 101-M
537,1,CONEP 16119
538,1,CM GLP-1/01|2007-004516-31
539,1,Jointstem
540,1,97022
541,1,Vascostem
542,1,HM-2010-16
543,1,NL28562.000.09
544,1,KSC-Facial-Stem
545,1,ANTG-ASC-210
546,1,09174|NCI-2011-00344|P30CA033572|P50CA107399
547,1,Homeo-GH
548,1,HCFMRPUSP 2|CNPQ 552266/2005-1
549,1,ABMS-LF
550,1,DMR-99-IRB-122
551,1,SCI-001
552,1,2097.00|NCI-2011-00202|RG9212015
553,1,BKCR-LD-1.0(2010)
554,1,208466|ADP 04511|2015-005594-21
555,1,BKCR-AUTISM-1.0(2009)
556,1,2008-4-5947
557,1,MSC-NTF-001-HMO-CTIL
558,1,BKCR-BURN-1.0(2011)
559,1,265
560,1,QM094007
561,1,DDRC85-13
562,1,CRD 603
563,1,2005-0781|NCI-2011-02823|RP100469 02|1P01CA148600-01A1|5R01CA061508-20
564,1,TJB0601
565,1,PHRN/06/PR/IMOCA|ID RCB 2007 - A00032 - 51
566,1,DDRC 85-15
567,1,INS-05-001|CDR0000581128
568,1,CRD 610
569,1,EMT-AB001
570,1,CHU-0026
571,1,20070598|U54HL081028
572,1,CSM/EICH2005|EudraCT Number: 2005-003674-14
573,1,TJB0703P1
574,1,2006H00286
575,1,Huntsman Cancer Institute|IRB 4795
576,1,2154.00|NCI-2010-00416
577,1,TCMR0007/2006|EudraCT 2007-003088-36
578,1,MSC heart failure
579,1,MSC-K-2
580,1,fuzhough0713
581,1,801
582,1,901
583,1,NSFC30772014
584,1,MC038C|NCI-2009-01194|P30CA015083|R01CA125614|R01CA168719
585,1,348
586,1,TJB0909
587,1,STOD2
588,1,CDR0000068961|SIOP-MMT-98|SFOP-SIOP-MMT-98|CCLG-SIOP-MMT-98|EU-20126|STS-1998
589,1,NG1-003
590,1,Mesoblast|UCLA-0303036|CDR0000358809
591,1,CDR0000393552|WRI-GEV-007
592,1,050050|05-D-0050
593,1,050085|05-DK-0085
594,1,IXR-202-22-188
595,1,401-402
596,1,260-261
597,1,CT2001
598,1,STOD
599,1,BRI PDT03-01
600,1,TYH 6220
601,1,Osiris 550
602,1,AMSC-01-HMO-CTIL
603,1,Jens Kastrup
604,1,Osiris 270-271
605,1,OSIRIS-601-602
606,1,DAIT CTOT-02|CCTPT-02
607,1,CMCMSC_GVHD012006
608,1,CWRU3Y03|P30CA043703|CASE-CWRU-3Y03
609,1,280
610,1,MRCRG44871|REC Reference: 07/Q0108/104
611,1,CDR0000515008|P30CA015083|MC0117|1260-03|NCI-2009-01199
612,1,551
613,1,TOIT
614,1,DFG KFO-200
615,1,ldb2008101
616,1,SRPL/CLI/07-08/001
617,1,S-0738c 2009
618,1,Amgad
619,1,2003-3040
620,1,4-2008-0137
621,1,PLX-PAD 1202-1
622,1,GCO 08-1093|P50HL077096
623,1,H200804
624,1,1202-2
625,1,NJGLYY002
626,1,Royan-iPS-001
627,1,SunYat-senU 5010 hepatitisB
628,1,HF-AB002
629,1,MSC01
630,1,NJGLYY003
631,1,GDREC.[2009]008
632,1,zssy
633,1,JHC525
634,1,TY01AF
635,1,1-Bingliang
636,1,MT2009-09|0911M74035
637,1,110040
638,1,HipMSC-Osteoarthritis
639,1,MP-CRP-005
640,1,SRPL/AMI/07-08/001
641,1,HCI31116
642,1,403
643,1,DCIC 06 25
644,1,P08.119|NL21298.000.08
645,1,IBR-0137-08-HMO-CTIL
646,1,MSC TX|2009-012350-20
647,1,275
648,1,20070443
649,1,MS22MSC-HMO-CTIL
650,1,385/2005
651,1,2008--03-II
652,1,Genelux - P01
653,1,0511-08-HMO
654,1,0522-08- HMO-CTIL
655,1,C3BS-C-07-01|EudraCT 2007-007699-40
656,1,fuzhough1221
657,1,MS-MSC-001
658,1,01194
659,1,AGO-GYN 7
660,1,MP-CR-MSC003
661,1,276
662,1,NL13729.000.07
663,1,BRD 08/9-S
664,1,Royan - Bone - 001
665,1,IRB00009762
666,1,0599-08-HMO-CTIL
667,1,Genelux - PO2|2010-022680-35
668,1,HM-2011-10
669,1,MP-CR-010
670,1,TerCel005|2012-004444-30|Disc_allo_MSV
671,1,The Third Affiliated Hospital
672,1,EudraCT2008-000364-16
673,1,MC0979|NCI-2013-00811|P30CA015083
674,1,MSC-HYP-01|FMBA-FRCC-MSC-01
675,1,RuMCeSS
676,1,DR3-07521
677,1,MSB-RA001
678,1,NanjingPLAGH1|Jinling 01
679,1,MESEMS|2011-001295-19
680,1,SNUH-RM-SGChung-ASC-01
681,1,X121207003|1U18NS082132
682,1,ahmedgamal
683,1,C11-12|2011-005441-13
684,1,09-005334
685,1,CHN-PLAGH-BT-005
686,1,2012CA04|T13/21
687,1,13-0150
688,1,2013-03-04SCI-III
689,1,Royan-RA-001
690,1,Royan-GI-003
691,1,AP24534-12-202
692,1,PMC-BD-CT-P-002
693,1,CSCC/BM/2013/LS/01
694,1,RC12_0394
695,1,MSB-DN001
696,1,12-009298
697,1,stem cell therapy in T2DM
698,1,MSC-NTF-002-HMO-CTIL
699,1,NFH-MSC-auto-HSCT-2013
700,1,PTC-MSC|2008-007869-23
701,1,NFH-MSCs-aGVHD-2013
702,1,NFH-MSCs-cGVHD-2013
703,1,C3BS-C-11-01|2011-001117-13
704,1,KSC-MSCs-SPI
705,1,STEM 103-M-STEMI
706,1,Royan-Nerve-006
707,1,STEM 102-M
708,1,boosteredADSCs
709,1,ARDS MSC 001|1U01HL108713-01
710,1,EXO-PPP study
711,1,MP-CR-009
712,1,ANG.AMI-IC001|2010-020497-41
713,1,LAED001
714,1,900939
715,1,PLX-PH-101
716,1,2012-001178-28
717,1,HULPURO-2010-01|2010-024331-16
718,1,GCO 11-1601|HS#: 11-02041
719,1,CBMG-KOA-1.1
720,1,E0669-I|VA_RX00069
721,1,HULPVAS-2011-01|2012-000290-23
722,1,032011|2011-004051-39
723,1,ADP-0011-002
724,1,AVN-13
725,1,CTM_LESÃO ARTICULAR-461/2010
726,1,Pro00037349
727,1,Adi_MSC_PRP_OA_2013
728,1,13-PP-07
729,1,KSTHD_FURESTEM-CD
730,1,TBS-MTFOA-001
731,1,HS410-101
732,1,MSC-Tx tolerance|2013-003221-29
733,1,20120660
734,1,20120946
735,1,130208|13-C-0208
736,1,NCT 4619792013|4619792013
737,1,BCT-001-US
738,1,MP-CR-006-F/U-5y
739,1,MSUJCTC
740,1,AZH010066099|Azhar23052011
741,1,Pro00032772
742,1,MSB-MPC-CHF001
743,1,EudraCT 2012-000582-21
744,1,XCEL-MEN-01|2011-006270-13
745,1,TBS-UCMSC-001
746,1,Cryo 394.191|394.191
747,1,CELLTRiMS|2010-024081-21
748,1,IMPACT
749,1,CSM/FAP/2012|2013-000535-27
750,1,SARC024
751,1,TBS-UCMSCRA-001
752,1,SKRF 002
753,1,J1348|NA_00083720
754,1,2010/1650 and 2014-51432
755,1,MP-CR-009-FU
756,1,MSCs in ARDS
757,1,CME-LEM1|2010-023285-46
758,1,MSC_Isquemica
759,1,HLPDIG-2010-01|2010-023798-20
760,1,12-009716
761,1,CMM/FPI
762,1,ICMS-2013-0019.
763,1,SAMCIS
764,1,201112085RID
765,1,2013-05-13 CP III
766,1,2012-A01613-40
767,1,HSL 2013-04
768,1,TISCHMS-MSCNP-001|IND 13889
769,1,NRCH-MSC
770,1,IRB201600901|093-2013
771,1,12276102D-Cardiac Disease
772,1,SC/GLP-1
773,1,CSM/EICH2010|2010-020947-11
774,1,FIBHGM-ECNC017-2010|2010-024406-35|MIYOCYTE
775,1,910359
776,1,12276102D-Neurologic Disorder
777,1,SIK01
778,1,NFH-MSC-allo-HSCT-2013
779,1,Royan-Nerve-005
780,1,HM-2011-09
781,1,GL-ONC1-005
782,1,Cx601-0302
783,1,Ref 2004/08 st 3
784,1,Alliancells-1
785,1,307-CTC-MSC-001|2011AA020114
786,1,EC10-343|2010-024330-35
787,1,MP-CR-008
788,1,XCEL-MT-10-02
789,1,MEDS-027
790,1,IOBA-05-2010
791,1,Alliancells-2012-1
792,1,MSB-DM003
793,1,8606
794,1,CT 11-03
795,1,TerCel004|2011-005321-51|EC11-309|MSV_allo
796,1,203732|R44CA126461|P01CA154778
797,1,2011/128|CTN 2012/0174
798,1,SRPL/LC/09-10/001
799,1,AC 6071103
800,1,PLFBMC
801,1,XCEL-MT-10-01|2010-023998-18
802,1,CRO1959|13HH0228
803,1,11-008415
804,1,BKCR-DMD-1(Ⅰ)
805,1,ANTG-ASC-211
806,1,TJT1123
807,1,999912476|12-DA-N476
808,1,Royan-Nerve-004
809,1,20111031SCA|20111031limin
810,1,SRM/OA/10-11/001
811,1,MyStromalCell
812,1,SRPL/OA/09-10/001
813,1,Royan-liver-003
814,1,FF-113-2011|NMRR-11-904-9763
815,1,FF-114-2011
816,1,FF-115-2011
817,1,ZJH-001|2011A030400007
818,1,2011-000794-31
819,1,SEB-1115-LC
820,1,SRPL/CLI/10-11/001
821,1,20111207ALS
822,1,348/10
823,1,SEB-1213-T1DM
824,1,Royan-Bone-008
825,1,11111111|1111111
826,1,Royan-Bone-010
827,1,CSM/Fusión/2009
828,1,11-001372|UL1RR024150
829,1,11-5676
830,1,MSC-cGVH
831,1,PUMCHNM001
832,1,D07050701350701
833,1,RP-001
834,1,2009/925/B
835,1,KOR-01
836,1,NONUNISTEM1
837,1,UANDES-C4C|CORFO-11IEI-9766
838,1,2011-10-047
839,1,MSC-BMMNC-DM
840,1,ERGS/1/2011/SKK/UKM/02/72
841,1,UCMSC-PE
842,1,SCNONUNION12
843,1,20120912-3
844,1,MSC-MS
845,1,MP-0201-01
846,1,BRD/10/11-P
847,1,CHN-PLAGH-BT-001
848,1,AD-US-OR-001
849,1,CR109021
850,1,CARTISTEM_CR_F/U
851,1,NJGLYY005
852,1,2012/047|2012/022238
853,1,BKCR-POF-1(Ⅰ)
854,1,CeTMAd/ICC/2009|2009-013554-32
855,1,CeTMMo/EM/2010|2010-023368-42
856,1,RO1AR06034201A1
857,1,AHEPA_CTL_01
858,1,307-CTC-MSC-002
859,1,130044|13-C-0044
860,1,f-91-135
861,1,AHEPA_CTL_02
862,1,WZMC-2011-8
863,1,[2012]2-31
864,1,CSM/ON/2011
865,1,20070622|2011-004923-11
866,1,PA401/01|2012-001189-14
867,1,MP-CR-006-F/U
868,1,KSC-MSCs-AVN
869,1,KSC-MSCs-LIDD
870,1,Uni-Koeln-1065
871,1,2012SDU-QILU-G01
872,1,SB-VGH-201001
873,1,SB-VGH-201101
874,1,PMC-BD-CT-P-003
875,1,IRB00051454|EPIC001
876,1,Beijing302-006
877,1,Beijing302-005
878,1,Cx611-0101
879,1,KSC-MSCs-CLI
880,1,IRB00053075
881,1,12.0220
882,1,Cerecellgram-spine
883,1,AMASCIS-01/2011|2011-003551-18
884,1,SHEBA-11-8802-IS-SMC
885,1,EC07/90208|2007-007630-19
886,1,Beijing302-008
887,1,LIT-2012-ACF-001
888,1,MP-CR-007-F/U
889,1,00061632
890,1,CS20AT04-LN101
891,1,IOBA01-2016|2016-003029-40
892,1,COTTET 2020
893,1,HBALS01
894,1,MS202202_0002|2020-001776-15
895,1,CCF-Stem Cells IBD-001
896,1,CCF-Stem Cells IBD-002
897,1,CCF-Stem Cells IBD-003
898,1,3-2015-0285
899,1,19-011706
900,1,Chondrogen
901,1,CS20AT04-LN101-E
902,1,ISC.19.10
903,1,ADR-001-1919
904,1,DC30-1A
905,1,19-08-1018
906,1,PCL02/2020
907,1,ASVP1N2A-US
908,1,2020GR0176
909,1,GLADEL LUPUS
910,1,DW_DWP710101|U1111-1263-1723
911,1,CHIN-PLAGH-MP-05
912,1,10000163|000163-C
913,1,CYP-COVID-19-01
914,1,CHIN-PLAGH-MP-04
915,1,LAB-1/2020
916,1,CCF-Stem Cells IBD-005
917,1,HSC-MS-20-0150
918,1,132/PT02.FK25/U.Eu113/METEND/V
919,1,MSCYPPNAP001
920,1,PRO00104691
921,1,IBCE_MSC(TrophicUlcer)
922,1,ISMMSCCOVID19
923,1,2020-A01855-34
924,1,#4/24.04.2020
925,1,HS201901
926,1,NOMA (No More Amputations)
927,1,2020LS075|MT2020-12
928,1,20200148
929,1,19-27665
930,1,20200566|CDMRP-PR191597|20-02-134
931,1,AST-ADP2-US02
932,1,IBCE_LSC
933,1,43910|3R01DK119619-02S1
934,1,2020-1290|A533300|SMPH/HUMAN ONCOLOGY/HUMAN ONCO|UW20025|NCI-2021-00070|1UG3DE030431-01|Protocol Version 10/7/2021|Head & Neck SPORE
935,1,20200575
936,1,COVID-19 EXO
937,1,Sultan Mehmood Kamran 3
938,1,DB-EF-PHASEII-001
939,1,18-04-0389
940,1,ULSC-CV-01
941,1,CS10BR05-MSA101-E
942,1,ALLO-ASC-SHEET
943,1,17-02-0143
944,1,NCC2064
945,1,MEXDR
946,1,CCF-Stem Cells IBD-004
947,1,HUS/2997/2021
948,1,cerebral palsy
949,1,00-006
950,1,MC-MSC.1/aGvHD
951,1,2020LS001
952,1,E-sR2020
953,1,2019/2502|03/FY2018/P1/13-A28FY2019PFF02
954,1,RG1007463|NCI-2020-06602|10420
955,1,UAB00171120-1
956,1,17082504
957,1,ALSTEM
958,1,CS2/1095/0090491
959,1,1617774
960,1,BC-08408
961,1,2020-0334|W81XWH-18-1-0661
962,1,OMERIC-1904
963,1,647 / Panke.KKE/ XI / 2016
964,1,CHAMC 2019-08-022
965,1,19881-EA
966,1,DB-EAP-001
967,1,SB-AC-001
968,1,18-004995
969,1,BEXMET
970,1,1208/KEPK/V/2019
971,1,4-2020-1093
972,1,MSC
973,1,261766
974,1,2020-002772-12
975,1,Pro00106044
976,1,Stem cell
977,1,PLAG6C
978,1,NavyGHB-007
979,1,facial burn scar
980,1,HAPSAA
981,1,20200915HMD
982,1,2020-0365|NCI-2020-06741
983,1,ALLO-ASC-DFU-302
984,1,Pro00043080
985,1,20-328
986,1,KB/138/217
987,1,STCMSC-CT-001
988,1,PMC-P-10
989,1,CAP-1002-COVID-19-02
990,1,MEXARDS
991,1,COVID-19 EXO Extended
992,1,ECV-004
993,1,HBHOA01
994,1,2019-1451
995,1,060I.2020
996,1,ANTG-ASC-301
997,1,PLX-COV-03
998,1,COVID-AT|2020-002193-27
999,1,2020-002804-38
1000,1,CMCB2B0X
1001,1,X9001222
1002,1,MSB-MSC-MISC001
1003,1,MSC-ARDS-001
1004,1,BALMYS-19
1005,1,MP-SMUP-IA-P01-F/U
1006,1,Pr20200402
1007,1,200052|20-EI-0052
1008,1,HimanshubansalFoundation
1009,1,CT/AMI/01/2019
1010,1,EudraCT number: 2020-001330-36
1011,1,CAMCR013|jRCT2043200002
1012,1,H-47561 MSC for COVID-19
1013,1,SC-2020-01
1014,1,UMC119-06-ARDS-01
1015,1,HBCOV02
1016,1,ONCR-177-101|KEYNOTE-B73
1017,1,2020K-G005|hDPSC-CoVID-2019-02-2020
1018,1,HBCOV01
1019,1,UCSantiagodeGuayaquil001
1020,1,COVID-MSCIV
1021,1,20200671|20200370
1022,1,MP-05-2020-2251
1023,1,2020005
1024,1,CT/LC/01/2018
1025,1,ECT2018-001
1026,1,TerCel_007|2020-001682-36
1027,1,HBCOV03
1028,1,IDIM-2020-28708|2020LS083
1029,1,CAP-1002-COVID-19
1030,1,APHP200395|2020-001287-28
1031,1,#7/09.26.2018
1032,1,EC.D (BG).020.02.0
1033,1,Pr20200225
1034,1,Pro00104460
1035,1,2018-001227-39
1036,1,IPO/PI134
1037,1,KT005HB001
1038,1,ISG-MCS
1039,1,955
1040,1,CARTISTEM_2019_01
1041,1,19-000826
1042,1,COVID-19
1043,1,MEXVT
1044,1,CT/OA/01/2020
1045,1,IRB00105305
1046,1,CT/CP/02/2020
1047,1,CT/RP/02/2018
1048,1,1874
1049,1,HOPE
1050,1,2014001
1051,1,EMT CRC 1.1
1052,1,EMT PC 1.1
1053,1,RCCCT 02-02-2020
1054,1,CT/KLD/03/2020
1055,1,OA MSC Study protocol v 1.4
1056,1,18-011636
1057,1,AB-16B5-201
1058,1,991919|IRCT20200217046526N2
1059,1,MESCEL-COVID19|2020-001450-22
1060,1,ES-CMSC01-B1101
1061,1,SCI-3354-20-21-1
1062,1,ScPHFPC-100306
1063,1,general anesthesia and POCD
1064,1,IBCE_MSC(UIM)
1065,1,2019LS002
1066,1,MIRNA-SEP-01
1067,1,BSR-CTph3-JS1_FU
1068,1,CTX0020-003
1069,1,IBCE_MSC(Fertility)
1070,1,2019-10
1071,1,VinmecISC1916
1072,1,IBCE_MSC(GR2)
1073,1,AdiQure/COVID-19
1074,1,UK-2019-004939-24
1075,1,DFSC-2020(CR)-02
1076,1,NIBMT-MSc-COVID-2020
1077,1,SBI-101-02
1078,1,TJT2012
1079,1,IBCE_MSC(UIW)
1080,1,IBCE_MSC(periodontitis)
1081,1,2020-02238
1082,1,CTX0020-002
1083,1,BXU001-COVID19
1084,1,AEMD-2019-01
1085,1,QFu
1086,1,20-000330
1087,1,YXLL-KY-2020 (009)
1088,1,20200243-01H
1089,1,MSB-MSC-ARDS001
1090,1,JS-OAP3-US01
1091,1,GCO 08-1078-0014
1092,1,MSC-CoViD-2020
1093,1,HoltermanA
1094,1,RESCOVID
1095,1,IBCE_MSC2(Covid)
1096,1,2019.137
1097,1,19881
1098,1,IMAC-001
1099,1,20-000264
1100,1,CBMG-AD-01
1101,1,EruCovid2020
1102,1,PLX-COV-01
1103,1,BST-COVID-01
1104,1,BIOXSOMCOV001
1105,1,19-007203
1106,1,Bak. Sadi Konuk-Istinye Uni.
1107,1,PO19143*
1108,1,02289
1109,1,COMET20d
1110,1,QUILT-COVID-19-MSC
1111,1,Pro00105410
1112,1,UAB1220-2
1113,1,BCT-003-US
1114,1,ICSS-2020-032
1115,1,C4C060921
1116,1,TDSJWKICHEX
1117,1,STUDY00002655|2709
1118,1,CCSB-CT-PF-01-2021 (Ver_01)
1119,1,UCSD-BDNF1
1120,1,PMC-P-12
1121,1,20210817V2.0
1122,1,IR.SUMS.REC.1400.409
1123,1,PULSE-UM
1124,1,CASE5320|1U01CA236215-01
1125,1,BST-SCI-02
1126,1,NFEC-2021-143
1127,1,WJMSC-P01
1128,1,990308-026|99/3436
1129,1,ARDS-mtDNA EVs
1130,1,C4651001|OBIR-2
1131,1,DREAM (GR - 2018-12367168)|2019-002749-40
1132,1,CSP-5007
1133,1,AGLE-102-102
1134,1,UAB00240818-1
1135,1,JU-BioMiStem-01|2019-005000-17
1136,1,IRB-300007756
1137,1,ARTROCELL|2019-002446-21
1138,1,Soh-med-21-10-01
1139,1,MITOCELL-01
1140,1,Chondrochymal-01
1141,1,SC-8-GR-8-04
1142,1,MSC-PLH-203BR
1143,1,RC2021_820
1144,1,CGOG-EV-1001
1145,1,HBPD04
1146,1,DFDA-001
1147,1,Bone Graft-Exosomes Project
1148,1,TOCICOVID
1149,1,SC-8-ATG-9-03
1150,1,SC-10-ATG-11-01
1151,1,SC-7-ATG-7-01
1152,1,SC-8-ATG-10-03
1153,1,SC-8-ATG-11-04
1154,1,SC-8-ATG-8-02
1155,1,CT/STROKE/PSI/2021
1156,1,SC-20-ATG-4
1157,1,2018-10-013
1158,1,POD0032/CP/R
1159,1,SC-10-ATG-12-04
1160,1,SC-10-ATG-13-08
1161,1,CTX0020-004
1162,1,2019-11-010
1163,1,SC-11-ATG-12-01
1164,1,SC-8-GR-10-02
1165,1,SC-11-ATG-11-02
1166,1,SC-20-ATG-12-4
1167,1,SC-20-ATG-22
1168,1,MVR-C5252-001
1169,1,Pro00099487|R01DK126454
1170,1,2020-0332|NCI-2021-09078
1171,1,ICND20210920
1172,1,ATG-1-MSC-016
1173,1,"HBSCI05, HBCMD01, HBPsA01"
1174,1,2021-001
1175,1,ALLO-ASC-DEB-201
1176,1,ATG-2-MSC-011
1177,1,ATG-2-MSC-013
1178,1,ATG-2-MSC-015
1179,1,ATG-2-MSC-014
1180,1,ATG-2-MSC-012
1181,1,SCforKneeOA
1182,1,BC101-C01
1183,1,ALLORX-PTHS
1184,1,(2020)LLS-NO395
1185,1,CYP-DFU-P1-01
1186,1,GvHD damage on MSCs
1187,1,IBCE_AllRhin
1188,1,21-005569
1189,1,DB-EF-ULCERATIVE-0004
1190,1,EMB01X201
1191,1,AB-205-301
1192,1,MP-SMUP-IA-01-P02
1193,1,RECHMPL21_0640
1194,1,Lung fibrosis in COVID19
1195,1,EXRNA-SCLC-2021
1196,1,ATG-1-MSC-018
1197,1,ATG-1-MSC-019
1198,1,ATG-1-MSC-012
1199,1,HEM-ONCO-014
1200,1,SCT20181032
1201,1,CINC280AIN01
1202,1,DC25-1A
1203,1,HBMS01
1204,1,DB-EF-POSTCOVID-0002
1205,1,4.285.308
1206,1,IRB: #1579
1207,1,NCRC-ID202105
1208,1,54/FI/P-KCOVID-19.2B3/IX/2020
1209,1,DB-EF-EMOTECOVID-0006
1210,1,HBPCOVID02
1211,1,CAP-1002-DMD-04
1212,1,DB-EF-EXITARDS-0003
1213,1,KT013HAN001
1214,1,DB-EF-CROHNS-0004
1215,1,GWCMC_HJ_XY_001
1216,1,BRIN20211118a
1217,1,ATG-1-MSC-011
1218,1,ATG-1-MSC-013
1219,1,ATG-1-MSC-014
1220,1,ATG-1-MSC-017
1221,1,ATG-1-MSC-015
1222,1,2021-002
1223,1,DFSC-2018(CR)-08
1224,1,R5093-M114-ONC-1864|2020-005065-14
1225,1,NEFOPAM-1|W81XWH-19-2-0048|CDMRP-MB170036
1226,1,Peds-PF
1227,1,Fistula_CM1
1228,1,SCCR_Secretome
1229,1,FIBHNJ-2020-01
1230,1,ACTIVE trial_(BRIC2018-ID03)|2019-004476-19
1231,1,PVRPTY2021
1232,1,JB&RSC-02
1233,1,HBPD02
1234,1,20200874|1R01HL134558-01
1235,1,CVB2018-1
1236,1,STEM-107-COVID-19
1237,1,S2020-01-01
1238,1,M-2018-344
1239,1,159326
1240,1,"HBPCOV01, HBPD05"
1241,1,020582
1242,1,CTC2038
1243,1,k（2019）46
1244,1,POF.UJCTC
1245,1,CTC Phenotyping
1246,1,BS-JS-IIT1
1247,1,0208-16-HMO
1248,1,MSC-ACLF-1
1249,1,MSC-MS-001
1250,1,HBPLS01
1251,1,UA003GRCSSS
1252,1,0254-20-TLV
1253,1,LTao
1254,1,ASC Lungtransplantation
1255,1,PMC-P-07
1256,1,MSC-cGVHD-2020
1257,1,CVSR0006
1258,1,CVSC0005
1259,1,Natural Supplement CitraVes
1260,1,PI2020_843_0104
1261,1,2019-SCR-03
1262,1,P150941J
1263,1,HBCMP01
1264,1,2015-68
1265,1,2020.05.20
1266,1,ECT2020-002
1267,1,MCC-20571
1268,1,DM/PM V2.0|IRB201903442|OCR33722
1269,1,IPO/PI134b
1270,1,MSC-COV-201
1271,1,IRB00250806
1272,1,GVHD-PKU2021
1273,1,17121805
1274,1,19-002301|NCI-2021-00108
1275,1,CRYO_PCS_ADSC_001|FDA File No. 019089
1276,1,2019-1122|NCI-2020-13889|P01CA148600
1277,1,WI240618
1278,1,NEURONATA-R_ALS301
1279,1,HBSCI03
1280,1,BS-JS-IIT1-FU
1281,1,AT-MSCs_Anal fistulas
1282,1,SARC-CR-01
1283,1,VinmecISC2111
1284,1,81771799
1285,1,HBPD03
1286,1,MR-31-20-000323
1287,1,87RI20-0067 (ExOnSite-Pro)
1288,1,20181231
1289,1,HS-001-01
1290,1,202012036RIND
1291,1,2020-592
1292,1,PekingUTH001
1293,1,D2020093
1294,1,IMS001-01
1295,1,CS20AT04-SLE101
1296,1,IUSCC-0588
1297,1,CT-GEM-001
1298,1,H-18013069
1299,1,0206-21-TLV
1300,1,allo-APZ2-CVU-IIb
1301,1,21.03.30.69624
1302,1,BC-U001-RA2019
1303,1,19-04-0516
1304,1,PN-101-101
1305,1,STUDY#00145638
1306,1,0045/KEPK/VIII/2020
1307,1,HEP study
1308,1,UMC119-06-05-FS-01
1309,1,"19 September,2018 ,Version 2"
1310,1,MSC-PLH-201
1311,1,STOMP-II
1312,1,HB/CLINICALTRIAL/01/2021
1313,1,fdpicu-13
1314,1,CHUBX 2020/21
1315,1,CTXSP0001
1316,1,OA-01
1317,1,2021-6954
1318,1,20-008380
1319,1,TGHISMMSCMSA
1320,1,56733164/203 E.1925
1321,1,15.0872
1322,1,IR2021002042
1323,1,ADR-001-1921
1324,1,STEMCELL-LIGAMENTREGENERATION
1325,1,UMC119-06-05-KOA-01
1326,1,urine exo-LN
1327,1,PRO TRANS 19+|2020-002078-29
1328,1,8860/9193
1329,1,NS3
1330,1,PBTC-059
1331,1,MSC-COV-201BR
1332,1,MSC-COV-202
1333,1,MSC-ARDS-201
1334,1,2019-06160 and 5.1-2019-92069
1335,1,ALICELL-CT-01|2019-002688-89
1336,1,SCICTC
1337,1,123456
1338,1,IRB00108656|300001205|R01HL139876
1339,1,17-001866|NCI-2018-00204
1340,1,JM2b-FU
1341,1,2015-005580-16
1342,1,UCMSC-PSC
1343,1,IT-UCMSC-ECSCI
1344,1,IT-UCMSC-SASCI
1345,1,HSC-MS-16-0657
1346,1,00-0000-05
1347,1,CTR1800015304
1348,1,allo-APZ2-EB-II-01
1349,1,170408
1350,1,DAIT ITN062ST|UM1AI109565|NIAID CRMS ID#: 20676
1351,1,18967728D
1352,1,2018005
1353,1,PRF02
1354,1,Lipogems-crohn2
1355,1,XYunqiu
1356,1,P150302
1357,1,BC (1870)
1358,1,MSCs in alveolar cleft repair
1359,1,MSCs
1360,1,2017/2522
1361,1,GMC:18
1362,1,IT-UCMSC-LCSCI
1363,1,CHUBX 2018/08
1364,1,CardioCell in CIHF
1365,1,NJLT006
1366,1,CardioCell in N-O CLI
1367,1,TianjinEverUnion
1368,1,15-CDI
1369,1,2015KY-05
1370,1,17-010539
1371,1,SNUH-RM-SGChung-ASC-02
1372,1,MSC-TENDO-2015|2016-001262-28
1373,1,2013-001
1374,1,F18 17-008847
1375,1,DalianMU_JL_002
1376,1,18-0401
1377,1,NJLT005
1378,1,17.1114
1379,1,17-002136
1380,1,CEBC-CU-2018-02-28
1381,1,ADR-001-02
1382,1,Pro00089362
1383,1,JV 1.1
1384,1,Pro00012858|U1111-1169-2289
1385,1,SHEBA-18-4516-ER-CTIL
1386,1,DIME 1001
1387,1,20180018
1388,1,NRF-2016M3A9E8941330
1389,1,201711082RINA
1390,1,2017001
1391,1,EXOGBC001
1392,1,P3-0323
1393,1,HBRA01
1394,1,KY20172049-1
1395,1,18-000939
1396,1,TerCel_006|2017-000391-28
1397,1,18100
1398,1,MP-CM-001
1399,1,EB-CMF-02
1400,1,ML39235
1401,1,CGM-02
1402,1,Guangdong W CH
1403,1,PKUJCTC
1404,1,i 287616|NCI-2018-01758
1405,1,014924/0012/A002
1406,1,2016-11-006C
1407,1,Pro2018-0517
1408,1,2018P001839
1409,1,SPMS-SCM-010
1410,1,9806|2017-A01589-44
1411,1,209147
1412,1,EPO-EXO
1413,1,KIBB01
1414,1,OSU-18060|NCI-2018-01534|P30CA016058
1415,1,SRRSHRMC20180924
1416,1,EO166-18_FJD
1417,1,Oxford DC
1418,1,KY20172050-1
1419,1,USPIO-MSC1
1420,1,IRB-46711
1421,1,EKYYIUMTB
1422,1,SC201700101
1423,1,Xia Yunqiu
1424,1,PRO-OAR-BW-001
1425,1,RC-P0014
1426,1,18-000015
1427,1,QHJH201804
1428,1,2018-0126|NCI-2018-01441
1429,1,lcsrmyy-yp1
1430,1,18/SS/0061
1431,1,K0202
1432,1,P-SM-L0001
1433,1,AA01
1434,1,UMC119-01-001
1435,1,MSC-SCT-01
1436,1,smdmauch
1437,1,P171105j|2018-A00311-54
1438,1,PCRT 16-001
1439,1,49RC17_0224
1440,1,Pro00100253
1441,1,PER 16-P1
1442,1,newivf20180817
1443,1,RU SUSMU 310855.210617.1
1444,1,GIMI-IRB-18003
1445,1,69HCL17_0666|2017-A03307-46
1446,1,FirstHospitalDalianMU004
1447,1,EOC-EXOSOME
1448,1,170148|17-CC-0148
1449,1,201508020258
1450,1,EK-BR-64/15-1
1451,1,KASTT005_BAL_Olita
1452,1,2017-0701|2017-A02088-45
1453,1,SSCST-MSC-OCB-01
1454,1,MSC-CLI/FMBA/001
1455,1,15-000511|NCI-2017-00896|Ribas NYESO SCT Cancer
1456,1,endocrine department of TMMU
1457,1,AD-CP-17-1|30902
1458,1,ADORE-DH|52375916.1.0000.5412
1459,1,1050374
1460,1,ADR-001-01
1461,1,17277787D-SLE
1462,1,allo-APZ2-CVU-II-01
1463,1,H-16046960
1464,1,D5084C00001
1465,1,stem cell in DFU
1466,1,CCR4770
1467,1,"MSCs, PRP, Scar"
1468,1,2017-KE-194
1469,1,CS10BR05-MSA101
1470,1,S2017-01
1471,1,20170674|1R01AA024933-01A1
1472,1,05-XD15-039
1473,1,17-002892
1474,1,2017KYPJ056
1475,1,180049|18-C-0049
1476,1,SCLnow-IMIMH-03
1477,1,SCLnow-IMIMH-01
1478,1,SCLnow-IMIMH-04
1479,1,SCLnow-IMIMH-05
1480,1,MCHHFoshan-1701
1481,1,9791|2017-A00252-51
1482,1,ALLO-ASC-BI-102
1483,1,ALLO-ASC-BI-202
1484,1,ALLO-ASC-CD-102
1485,1,ALLO-ASC-DFU-102
1486,1,ALLO-ASC-DFU-202
1487,1,ALLO-ASC-EB-102
1488,1,CHN-PLAGH-BT-022
1489,1,GIMI-IRB-17007
1490,1,HSC-MS-15-0120
1491,1,IRB16-00587|R21AR069226
1492,1,SCLnow-IMIMH-02
1493,1,AssiutU4
1494,1,3777
1495,1,20161825|LLP2A-001
1496,1,201700454
1497,1,UREC 17/18
1498,1,17-004503
1499,1,XJMSC0001
1500,1,MANUS|2015-000168-32
1501,1,allo-APZ2-DFU-II-01
1502,1,15-008008|UL1TR000135
1503,1,HKUNCDC
1504,1,SCLnow-XY-01
1505,1,2.335.243
1506,1,201706
1507,1,ALLO-ASC-DFU-301
1508,1,15-003524
1509,1,stem cell for BPD
1510,1,SCLnow-XY-03
1511,1,17-146
1512,1,IRSTB030
1513,1,2016_59|2017-A01715-48
1514,1,SCLnow-XY-02
1515,1,med shahid beheshti university
1516,1,BM-MSC-01
1517,1,ADF01
1518,1,ADP-0000-003
1519,1,S2016-04-02
1520,1,MP-CR-012
1521,1,CR00005169|IND 119679-0007
1522,1,S-CURE
1523,1,300000173
1524,1,CardioCell evaluation in AMI
1525,1,ProTrans-T1D|2017-002766-50
1526,1,CAP-1002-DMD-02
1527,1,180043|18-C-0043
1528,1,IW-001
1529,1,PHRCI2016/MESERIC-EL OSTA/NK
1530,1,PUPH20170911
1531,1,PUPH20170910
1532,1,PUPH20170912
1533,1,2017.No.55
1534,1,BCT-002-US
1535,1,MO15/121
1536,1,DNJUCTC
1537,1,MSC-CNS2017
1538,1,DPO/014/33/09/2015
1539,1,IRB00090514|1K23HL133446
1540,1,UCL/14/0453
1541,1,IBDUJCTC
1542,1,17-004621
1543,1,XYFY2016-KL031-01
1544,1,16-010521
1545,1,ORTHOUNION|2015-000431-32|EUCTR2015-000431-32-ES
1546,1,ALLOMSUJCTC
1547,1,931523|122
1548,1,Xhechun4
1549,1,StemCell
1550,1,allo-APZ2-PAOD-II-01
1551,1,VinmecRISCGT70
1552,1,VinmecRISCGT72
1553,1,GIMI-IRB-17021
1554,1,TISCHMS-MSCNP-002
1555,1,NL59265.000.16
1556,1,17-008120
1557,1,XRS-ITRT-2018
1558,1,HERdi PREDICT
1559,1,KT005SH002
1560,1,FT-004
1561,1,iPSC-IEM-2019
1562,1,UMC119-06-01
1563,1,SCLnow-XW-01
1564,1,19-1113
1565,1,FT-003
1566,1,HS130-001
1567,1,CHUBX 2019/19
1568,1,43136152-9
1569,1,NCR191206
1570,1,XH-19-010
1571,1,43499|R21AT010847
1572,1,Pro00102894
1573,1,0120-99/2019/4
1574,1,209950
1575,1,R-1066-19
1576,1,Luminal A sirt1
1577,1,eNAMPT
1578,1,AD-CP-18-1|30902
1579,1,20532
1580,1,DBI-1000
1581,1,zhengchao
1582,1,20171292
1583,1,MesenSistem-EB
1584,1,2018-DFSC-002（V3）
1585,1,HBPC01
1586,1,CSL300_3001|2018-003682-34|VKTX01
1587,1,mashengjun2
1588,1,EMT Prostate
1589,1,U54NS105541|5U54NS105541
1590,1,HBCP01
1591,1,AIFA-2016-02364896|2018-001162-42
1592,1,MCHHFoshan-1902
1593,1,MP-SMUP-IA-01-P01
1594,1,20190438
1595,1,CLDD-001
1596,1,PSC-CP-001
1597,1,18-007748
1598,1,19CH048|2019-A01408-49
1599,1,ES-CMSC01-A1101
1600,1,Sara Alameldin 20.06.2016
1601,1,00085542|R01DK118529-01A1
1602,1,VinmecISC1915
1603,1,HBTBI01
1604,1,ICSS-2018-014
1605,1,HBSCI02
1606,1,HBPD01
1607,1,PV1
1608,1,SAHZJU-hUMSCs
1609,1,2018-1092|NCI-2019-03536
1610,1,R5093-ONC-1863|2019-001908-38
1611,1,RI-SCBT-94000019|IRCT2016070428786N1|94000019|REP-441
1612,1,IRB-300004235
1613,1,129|NL8013
1614,1,19HH5065
1615,1,HULC-1
1616,1,HBALZ01
1617,1,BIO-2017-0440
1618,1,Chinese ASZQ-005
1619,1,MP-02
1620,1,CHIN-PLAGH-MP-03
1621,1,MP-01
1622,1,Pro00011914
1623,1,KC19CNSI0469
1624,1,ECR/346/Inst/AP/2013
1625,1,MSC-SCT-03
1626,1,2020003D
1627,1,2019-05-157
1628,1,CTX0019-001
1629,1,CAMCR-014|jRCT2043190112
1630,1,2020002
1631,1,FDBSUREC/21012020/ME
1632,1,R-1065-19
1633,1,S2016-05-02
1634,1,MEXCOVID
1635,1,AMASCIS - 02
1636,1,Microbiome Minsk_1
1637,1,0120-146/2019/5
1638,1,EC.D（BG）.013.02.0
1639,1,2020-013-D
1640,1,FDRT-011
1641,1,01.11.2018/01
1642,1,ASC-OA
1643,1,ERIPTO
1644,1,EB IND
1645,1,Protocol LMC-101
1646,1,ADT2002
1647,1,SHCHE201903
1648,1,201903100RINA
1649,1,IBCE_MSC1(SLE)
1650,1,C12-48|2016-002790-35
1651,1,Hep B 0119
1652,1,APT2001
1653,1,SCM-CGH2001
1654,1,20-C-9956|209956
1655,1,19/HRA/6011
1656,1,ICSS-2018-018
1657,1,ICSS-2019-019
1658,1,UMC119-06-COPD-01
1659,1,CBM-ALAM.1-01
1660,1,0029170
1661,1,2019-003
1662,1,2019KYPJ048
1663,1,DFSC-2019(CR)-06
1664,1,ADORE-EXT|23917319.0.0000.5412
1665,1,Sushil_Rijal
1666,1,Strawn EV-SoPRANO|R01HD098757
1667,1,2018-0327
1668,1,SC2019002-EC-1
1669,1,001
1670,1,AMSC-RC-001
1671,1,IRB00108046
1672,1,UCSF-hMSC-ARDS-P1P2-12
1673,1,EPCE-1
1674,1,TISCHMS-MSCNP-003
1675,1,AAAS1862
1676,1,SCLnow-XY-04
1677,1,AMSC-DSD-001
1678,1,AMSC-ALS-001
1679,1,BXU001-RA
1680,1,WuhanUH2018
1681,1,PMC-P-08
1682,1,Wuhan Tongji Hospital
1683,1,2019-A00029-48
1684,1,18-002423|RMM 091718 CT 001
1685,1,FT500-101
1686,1,2018-2011
1687,1,POD0030/CP/R
1688,1,HAP2HCT
1689,1,9366
1690,1,201608051MIPC
1691,1,RECHMPL18_0242
1692,1,UNX-BP-101
1693,1,allo-APZ2-ACLF-II-01
1694,1,"Tianjin Weikai Bioeng., Ltd"
1695,1,SCLnow-HNRM-01
1696,1,CLT-OA1
1697,1,UW19009|2019-0497|SMPH/HUMAN ONCOLOGY/HUMAN ONCO|A533300|Protocol Version 7/24/2020
1698,1,MSC-progressive MS
1699,1,S2018-11
1700,1,EISMO
1701,1,P02437
1702,1,WJEF.EDUJCTC
1703,1,RECHMPL17_0254|2017-A02341-52
1704,1,ALLO-ASC-SHEET-102
1705,1,2018-MSC/CSU/PS
1706,1,PARVATHY61
1707,1,CAAE47719215.5.0000.5461
1708,1,XiaYQ
1709,1,ECV-003
1710,1,RD-106057
1711,1,ISMMSCOA
1712,1,172797
1713,1,839-18-FB
1714,1,RD106055
1715,1,RD106050
1716,1,RD106049
1717,1,IRCT201706176907N13
1718,1,EMB01X101
1719,1,2014ZX09508002
1720,1,ICOR-2016-02|2018-001964-49
1721,1,BCT-101-US
1722,1,2018-A01393-52
1723,1,1ABC Therapy|267976/13/NCBR/2015|2016-004109-15|PL008125|Z4217
1724,1,001/LIFE/2019
1725,1,IPSWilson 06-2018
1726,1,002/LIFE/2019
1727,1,TNLS012019-TBG
1728,1,Beijing302-011
1729,1,2018023
1730,1,2019042
1731,1,APCaRI-05
1732,1,AHQU-2019002
1733,1,GIMI-IRB-19002
1734,1,208467
1735,1,EGN_2018_11
1736,1,14 7441 01
1737,1,Pro00101707
1738,1,2019-002
1739,1,2019-01|2019-A00145-52|RCAPHM19_0001
1740,1,ProTrans-Repeat|2018-004158-11
1741,1,Exo-LCR-1807|2018-A02358-47
1742,1,biostar-CP
1743,1,18082A0002
1744,1,201904095RIND
1745,1,87RI18_0025 (ExoReBLy)
1746,1,BSR-CTph3-JS1
1747,1,ENDB-012-17F|1 IO1 CX001514-01A2
1748,1,PO19059
1749,1,MP-CR-012-F/U
1750,1,GXCPC1
1751,1,BangladeshLCS001
1752,1,PMC-P-09
1753,1,9360
1754,1,IPSM 09-2018
1755,1,yunqiu xia
1756,1,Protocol IIT-RE-0
1757,1,CVB2018-2|2018-003856-19
1758,1,CVB2019-1|2014-004349-29
1759,1,IOZ ChineseAS POI-2
1760,1,001-2018
1761,1,IPSNPABC 6-2018
1762,1,2ABC Therapy|2016-004110-10|267976/13/NCBR/2015|PL008125|Z4217
1763,1,CE AVEC 352/2018/Sper/IOR
1764,1,2015-0953|NCI-2019-01195
1765,1,TJT1707P1
1766,1,18-007216
1767,1,ShanghaiLST-ucmsc-ami01
1768,1,OLT Protocol
1769,1,2019P002191
1770,1,KTLC002
1771,1,AOUPisana_1
1772,1,Phase II Lupus MSC
1773,1,Hep B 0218
1774,1,Nutro_MesenchymalStemCells_DM1
1775,1,STEMVAD-001
1776,1,HBSCI01
1777,1,MSKCC-00022|CDR0000068488|MGENE-NR1-001|NCI-G01-1920
1778,0,
